{
  "items": [
    {
      "title": "Sousou no Frieren",
      "eps": "28",
      "years": "Sep 2023 - Mar 2024",
      "rating": 9.14
    },
    {
      "title": "Fullmetal Alchemist: Brotherhood",
      "eps": "64",
      "years": "Apr 2009 - Jul 2010",
      "rating": 9.09
    },
    {
      "title": "Steins;Gate",
      "eps": "24",
      "years": "Apr 2011 - Sep 2011",
      "rating": 9.07
    },
    {
      "title": "Gintama°",
      "eps": "51",
      "years": "Apr 2015 - Mar 2016",
      "rating": 9.06
    },
    {
      "title": "Shingeki no Kyojin Season 3 Part 2",
      "eps": "10",
      "years": "Apr 2019 - Jul 2019",
      "rating": 9.05
    },
    {
      "title": "Gintama: The Final",
      "eps": "1",
      "years": "Jan 2021 - Jan 2021",
      "rating": 9.04
    },
    {
      "title": "Hunter x Hunter (2011)",
      "eps": "148",
      "years": "Oct 2011 - Sep 2014",
      "rating": 9.04
    },
    {
      "title": "Bleach: Sennen Kessen-hen",
      "eps": "13",
      "years": "Oct 2022 - Dec 2022",
      "rating": 9.03
    },
    {
      "title": "Gintama'",
      "eps": "51",
      "years": "Apr 2011 - Mar 2012",
      "rating": 9.03
    },
    {
      "title": "Gintama': Enchousen",
      "eps": "13",
      "years": "Oct 2012 - Mar 2013",
      "rating": 9.03
    },
    {
      "title": "Kaguya-sama wa Kokurasetai: Ultra Romantic",
      "eps": "13",
      "years": "Apr 2022 - Jun 2022",
      "rating": 9.03
    },
    {
      "title": "Ginga Eiyuu Densetsu",
      "eps": "110",
      "years": "Jan 1988 - Mar 1997",
      "rating": 9.02
    },
    {
      "title": "Fruits Basket: The Final",
      "eps": "13",
      "years": "Apr 2021 - Jun 2021",
      "rating": 8.99
    },
    {
      "title": "Gintama.",
      "eps": "12",
      "years": "Jan 2017 - Mar 2017",
      "rating": 8.98
    },
    {
      "title": "Gintama",
      "eps": "201",
      "years": "Apr 2006 - Mar 2010",
      "rating": 8.94
    },
    {
      "title": "Shingeki no Kyojin: The Final Season - Kanketsu-hen",
      "eps": "2",
      "years": "Mar 2023 - Nov 2023",
      "rating": 8.94
    },
    {
      "title": "Koe no Katachi",
      "eps": "1",
      "years": "Sep 2016 - Sep 2016",
      "rating": 8.93
    },
    {
      "title": "Clannad: After Story",
      "eps": "24",
      "years": "Oct 2008 - Mar 2009",
      "rating": 8.93
    },
    {
      "title": "3-gatsu no Lion 2nd Season",
      "eps": "22",
      "years": "Oct 2017 - Mar 2018",
      "rating": 8.92
    },
    {
      "title": "Code Geass: Hangyaku no Lelouch R2",
      "eps": "25",
      "years": "Apr 2008 - Sep 2008",
      "rating": 8.91
    },
    {
      "title": "Gintama Movie 2: Kanketsu-hen - Yorozuya yo Eien Nare",
      "eps": "1",
      "years": "Jul 2013 - Jul 2013",
      "rating": 8.91
    },
    {
      "title": "Jujutsu Kaisen 2nd Season",
      "eps": "23",
      "years": "Jul 2023 - Dec 2023",
      "rating": 8.91
    },
    {
      "title": "Gintama.: Shirogane no Tamashii-hen - Kouhan-sen",
      "eps": "14",
      "years": "Jul 2018 - Oct 2018",
      "rating": 8.88
    },
    {
      "title": "Monster",
      "eps": "74",
      "years": "Apr 2004 - Sep 2005",
      "rating": 8.88
    },
    {
      "title": "Violet Evergarden Movie",
      "eps": "1",
      "years": "Sep 2020 - Sep 2020",
      "rating": 8.88
    },
    {
      "title": "Owarimonogatari 2nd Season",
      "eps": "7",
      "years": "Aug 2017 - Aug 2017",
      "rating": 8.87
    },
    {
      "title": "Kimi no Na wa.",
      "eps": "1",
      "years": "Aug 2016 - Aug 2016",
      "rating": 8.84
    },
    {
      "title": "Kingdom 3rd Season",
      "eps": "26",
      "years": "Apr 2020 - Oct 2021",
      "rating": 8.81
    },
    {
      "title": "Bocchi the Rock!",
      "eps": "12",
      "years": "Oct 2022 - Dec 2022",
      "rating": 8.81
    },
    {
      "title": "Gintama.: Shirogane no Tamashii-hen",
      "eps": "12",
      "years": "Jan 2018 - Mar 2018",
      "rating": 8.81
    }
  ],
  "total_items": 30,
  "average_rating": 8.959
}
